dataset,repeat,method,tier,device,n_ref,n_query,fit_s,predict_s,peak_mem_mb,n,pct_rejected,accuracy,macro_f1,kappa,ontology_concordance
brain_intra,0,actinn-jax,classical,cpu,5170,1722,10.95158554194495,0.27706704195588827,2389.426176,1722,0.0,0.9860627177700348,0.9861537077372865,0.9854452121129306,0.9941927990708479
brain_intra,1,actinn-jax,classical,cpu,5170,1722,10.54850620799698,0.2592422079760581,2099.462144,1722,0.0,0.9860627177700348,0.9861537077372865,0.9854452121129306,0.9941927990708479
brain_intra,2,actinn-jax,classical,cpu,5170,1722,10.461502459133044,0.2763480411376804,2296.152064,1722,0.0,0.9860627177700348,0.9861537077372865,0.9854452121129306,0.9941927990708479
brain_intra,0,linear-anova-pca,classical,cpu,5170,1722,2.9797879171092063,0.2408584589138627,3428.417536,1722,0.0,0.9860627177700348,0.9864317420233775,0.9854450685872264,0.991869918699187
brain_intra,1,linear-anova-pca,classical,cpu,5170,1722,2.9096984998323023,0.17893279204145074,3433.578496,1722,0.0,0.9860627177700348,0.9864317420233775,0.9854450685872264,0.991869918699187
brain_intra,2,linear-anova-pca,classical,cpu,5170,1722,2.8368533339817077,0.178399708122015,3427.975168,1722,0.0,0.9860627177700348,0.9864317420233775,0.9854450685872264,0.991869918699187
brain_intra,0,svm,classical,cpu,5170,1722,14.532196125015616,0.05159395793452859,1444.397056,1722,0.0,0.9895470383275261,0.9897695560831307,0.9890835246310988,0.9936120789779327
brain_intra,1,svm,classical,cpu,5170,1722,14.823070333106443,0.05068920901976526,1443.938304,1722,0.0,0.9907084785133565,0.99088778233663,0.9902964663387545,0.9947735191637631
brain_intra,2,svm,classical,cpu,5170,1722,13.89773904089816,0.04899791604839265,1444.6592,1722,0.0,0.9889663182346109,0.9892016880794996,0.9884770537772709,0.9930313588850174
brain_intra,0,knn,classical,cpu,5170,1722,0.3766895420849323,0.13298916700296104,1545.8304,1722,0.0,0.9732868757259001,0.9740251489814421,0.9721034018128634,0.9907084785133565
brain_intra,1,knn,classical,cpu,5170,1722,0.3934323329012841,0.08995066699571908,1545.961472,1722,0.0,0.9732868757259001,0.9740555702867052,0.9721034018128634,0.9895470383275261
brain_intra,2,knn,classical,cpu,5170,1722,0.3872987499926239,0.094620417105034,1546.125312,1722,0.0,0.9750290360046457,0.9754811147264828,0.9739230757852906,0.991869918699187
brain_intra,0,celltypist,classical,cpu,5170,1722,19.871211957884952,0.5205353340134025,1519.353856,1722,0.0,0.9889663182346109,0.9892146509334481,0.9884770537772709,0.9947735191637631
brain_intra,1,celltypist,classical,cpu,5170,1722,20.370352166937664,0.5633156248368323,1519.828992,1722,0.0,0.9895470383275261,0.9897700355912198,0.9890835246310988,0.9947735191637631
brain_intra,2,celltypist,classical,cpu,5170,1722,21.09542283299379,0.5128033328801394,1519.910912,1722,0.0,0.9889663182346109,0.9892144553432088,0.9884770537772709,0.9941927990708479
brain_intra,0,singler,classical,cpu,5170,1722,0.3701539169996977,15.332759582903236,3963.502592,1722,0.0,0.9773519163763066,0.9770839481283948,0.9763487195669108,0.9912891986062717
brain_intra,1,singler,classical,cpu,5170,1722,0.3507836658973247,14.950819958001375,3960.307712,1722,0.0,0.9773519163763066,0.9770839481283948,0.9763487195669108,0.9912891986062717
brain_intra,2,singler,classical,cpu,5170,1722,0.3439576248638332,15.119028124958277,3966.5664,1722,0.0,0.9773519163763066,0.9770839481283948,0.9763487195669108,0.9912891986062717
brain_intra,0,scmap-cluster,classical,cpu,5170,1722,0.3074004161171615,9.066950750071555,8297.578496,1722,0.0,0.9012775842044135,0.8612590449515227,0.8971834503076173,0.9912390488110138
brain_intra,1,scmap-cluster,classical,cpu,5170,1722,0.33588862512260675,8.893670291872695,8250.032128,1722,0.0,0.9012775842044135,0.8612590449515227,0.8971834503076173,0.9912390488110138
brain_intra,2,scmap-cluster,classical,cpu,5170,1722,0.35538912494666874,8.977892457973212,8235.614208,1722,0.0,0.9012775842044135,0.8612590449515227,0.8971834503076173,0.9912390488110138
brain_intra,0,scanvi,deep,mps,5170,1722,0.0075732090044766665,60.540108415996656,2106.5728,1722,0.0,0.9901277584204413,0.99057355730395,0.9896901262020966,0.9953542392566783
brain_intra,1,scanvi,deep,mps,5170,1722,0.006956999888643622,54.156340833054855,2104.27904,1722,0.0,0.9924506387921022,0.9927774804672667,0.9921159788604268,0.9965156794425087
brain_intra,2,scanvi,deep,mps,5170,1722,0.006509209051728249,53.759113000007346,2103.45984,1722,0.0,0.9895470383275261,0.9897420688507834,0.9890837706845218,0.9953542392566783
brain_intra,0,scarches,deep,mps,5170,1722,41.41787366592325,10.229204667033628,1659.86304,1722,0.0,0.9883855981416957,0.9886275789964833,0.9878708563161354,0.9941927990708479
brain_intra,1,scarches,deep,mps,5170,1722,41.44417804083787,10.09656941704452,1654.308864,1722,0.0,0.9907084785133565,0.9905920729128986,0.99029656202741,0.9953542392566783
brain_intra,2,scarches,deep,mps,5170,1722,41.559369208989665,10.105743332998827,1657.81504,1722,0.0,0.9878048780487805,0.9880965682556991,0.9872643991319421,0.9930313588850174
brain_intra,0,sctop,classical,cpu,5170,1722,1.3205565412063152,1.0558468329254538,1821.704192,1722,0.0,0.9761904761904762,0.9767216956146276,0.9751355706929231,0.9924506387921022
brain_intra,1,sctop,classical,cpu,5170,1722,1.1916933339089155,0.9781310830730945,1821.16352,1722,0.0,0.9761904761904762,0.9767216956146276,0.9751355706929231,0.9924506387921022
brain_intra,2,sctop,classical,cpu,5170,1722,1.016754874959588,0.93905512499623,1824.964608,1722,0.0,0.9761904761904762,0.9767216956146276,0.9751355706929231,0.9924506387921022
brain_intra,0,protocloud,deep,cpu,5170,1722,120.88623329089023,1.0867661668453366,1759.854592,1722,0.11962833914053426,0.9907651715039578,0.9908211533468595,0.9903563304983319,0.9927440633245382
brain_intra,1,protocloud,deep,cpu,5170,1722,127.99933787505142,1.2221170000266284,1833.45152,1722,0.11962833914053426,0.9907651715039578,0.9908211533468595,0.9903563304983319,0.9927440633245382
brain_intra,2,protocloud,deep,cpu,5170,1722,128.78831283398904,1.091037041042,1830.486016,1722,0.11962833914053426,0.9907651715039578,0.9908211533468595,0.9903563304983319,0.9927440633245382
