dataset,method,repeat,accuracy,macro_f1,ontology_concordance,fit_s,predict_s,peak_mem_mb
pbmc,actinn-jax,0,0.91324200913242,0.7954430862298707,,5.165067958063446,0.0935815840493887,955.629568
pbmc,actinn-jax,1,0.91324200913242,0.7954430862298707,,5.056701291934587,0.0905956249916926,883.490816
pbmc,actinn-jax,2,0.91324200913242,0.7954430862298707,,5.00973804097157,0.0880402920302003,882.262016
pbmc,svm,0,0.9254185692541856,0.9064861259660726,,1.795912167057395,0.0243240420240908,560.791552
pbmc,svm,1,0.9071537290715372,0.8500645882340413,,1.8444064590148628,0.0217293750029057,560.41472
pbmc,svm,2,0.9117199391171994,0.8519060556670002,,1.7884614589856938,0.0222952500917017,559.366144
pbmc,knn,0,0.9117199391171994,0.7456569086032869,,1.589767458033748,0.0401700830552727,559.808512
pbmc,knn,1,0.9056316590563166,0.7251773855124698,,1.5837365000043064,0.0409868330461904,561.020928
pbmc,knn,2,0.9056316590563166,0.7352087260944817,,1.5868600830435753,0.037853333982639,559.857664
pbmc,celltypist,0,0.9041095890410958,0.8162061178494517,,1.977922833058983,0.4895977090345695,612.335616
pbmc,celltypist,1,0.9178082191780822,0.8488913281275979,,2.0875643329927698,0.4712364579318091,612.646912
pbmc,celltypist,2,0.9223744292237442,0.851546944015769,,2.015618750010617,0.4712061249883845,612.483072
pbmc,actinn-orig,0,0.9254185692541856,0.8798532466227552,,0.0260058749699965,9.53409741690848,2043.98592
pbmc,actinn-orig,1,0.91324200913242,0.7725467003840585,,0.0258664160501211,9.098579542012883,2066.284544
pbmc,actinn-orig,2,0.91324200913242,0.8107118854410036,,0.0260513749672099,8.87667733291164,2008.219648
pbmc,singler,0,0.9254185692541856,0.883621795389664,,0.0444670830620452,3.84803658304736,1342.42304
pbmc,singler,1,0.9254185692541856,0.883621795389664,,0.048381624976173,3.8450534999137744,1346.68288
pbmc,singler,2,0.9254185692541856,0.883621795389664,,0.0413808749290183,3.8335636249976233,1346.994176
pbmc,scmap-cluster,0,0.8706240487062404,0.778315661297897,,0.0412799160694703,3.6477247499860823,2995.027968
pbmc,scmap-cluster,1,0.8706240487062404,0.778315661297897,,0.0404324589762836,3.5499894579406828,2938.732544
pbmc,scmap-cluster,2,0.8706240487062404,0.778315661297897,,0.043269666028209,3.61684333300218,2985.623552
pbmc,scanvi,0,0.908675799086758,0.8562321809306388,,0.0056996659841388,16.951402209000662,1048.068096
pbmc,scanvi,1,0.9254185692541856,0.8666666954533617,,0.0064151670085266,16.52998754195869,1041.399808
pbmc,scanvi,2,0.9162861491628614,0.864612010107567,,0.0062757079722359,16.94133141695056,1048.90368
pbmc,scarches,0,0.9315068493150684,0.8782479283109274,,12.546130875009112,2.9520117500796914,1054.769152
pbmc,scarches,1,0.9360730593607306,0.8832411248073011,,13.839038249920122,2.989580790977925,1058.111488
pbmc,scarches,2,0.9345509893455098,0.8819534900064163,,12.5820450829342,3.087160791037604,1050.411008
liver_cross,actinn-jax,0,0.6855123674911661,0.5692365514071739,0.7311542991755006,12.456281666993164,0.2189734170679003,2086.862848
liver_cross,actinn-jax,1,0.6855123674911661,0.5692365514071739,0.7311542991755006,12.30532508296892,0.2165793330641463,2090.1888
liver_cross,actinn-jax,2,0.6855123674911661,0.5692365514071739,0.7311542991755006,12.309285625000484,0.2191790839424356,2092.040192
liver_cross,svm,0,0.6581272084805654,0.5589766711807682,0.7075971731448764,9.145167583948933,0.0588899999856948,1273.757696
liver_cross,svm,1,0.6622497055359247,0.5655799150267872,0.7108362779740872,9.772935207933187,0.0579506249632686,1275.838464
liver_cross,svm,2,0.6604829210836278,0.5673789697142851,0.7087750294464076,10.166977999964727,0.0571322499308735,1274.216448
liver_cross,knn,0,0.6148409893992933,0.5148223173614511,0.6657832744405182,1.6979547499213368,0.1212363749509677,1359.347712
liver_cross,knn,1,0.6130742049469965,0.516768427005141,0.6631330977620731,1.7854733749991285,0.1300753330579027,1361.084416
liver_cross,knn,2,0.6130742049469965,0.5203899982193212,0.666077738515901,1.7884429999394342,0.1330657920334488,1361.149952
liver_cross,celltypist,0,0.6793286219081273,0.5994516176202486,0.7211425206124853,11.427267665974796,0.5591674169991165,1503.363072
liver_cross,celltypist,1,0.6775618374558304,0.596745936521031,0.7143698468786808,10.453920500003733,0.5948651250218973,1503.281152
liver_cross,celltypist,2,0.6725559481743227,0.6010764491917822,0.7158421672555948,10.47300483402796,0.5908485000254586,1501.954048
liver_cross,actinn-orig,0,0.7017078916372202,0.6035895288103158,0.7482332155477032,0.0534158339723944,49.88669204094913,7869.431808
liver_cross,actinn-orig,1,0.6964075382803298,0.600218959815979,0.7332155477031802,0.0565375420264899,49.58739737502765,7868.956672
liver_cross,actinn-orig,2,0.6872791519434629,0.5638616852753756,0.732037691401649,0.0641933330334723,50.00822183396667,7870.234624
liver_cross,singler,0,0.4946996466431095,0.4197018304929646,0.5429917550058893,0.1852643339661881,23.833871208014894,3220.258816
liver_cross,singler,1,0.4946996466431095,0.4197018304929646,0.5429917550058893,0.1957174580311402,23.358488332945853,3221.569536
liver_cross,singler,2,0.4946996466431095,0.4197018304929646,0.5429917550058893,0.1967404579045251,23.44088016601745,3225.239552
liver_cross,scmap-cluster,0,0.234982332155477,0.2272698198065248,0.6553191489361702,0.182486749952659,7.276753166923299,8153.874432
liver_cross,scmap-cluster,1,0.234982332155477,0.2272698198065248,0.6553191489361702,0.1832220000214874,7.219908208004199,8139.177984
liver_cross,scmap-cluster,2,0.234982332155477,0.2272698198065248,0.6553191489361702,0.1852228329516947,7.282125041005202,8140.47232
liver_cross,scanvi,0,0.6760895170789164,0.5804964972871779,0.708186101295642,0.0070415410446003,50.73530829208903,1937.276928
liver_cross,scanvi,1,0.6595995288574794,0.5756135153876678,0.7131919905771495,0.0065457500750198,52.11044429196045,1933.39392
liver_cross,scanvi,2,0.6598939929328622,0.5503797213162288,0.700530035335689,0.0065047079697251,48.30382491694763,1933.574144
liver_cross,scarches,0,0.658716136631331,0.5626356273599192,0.7017078916372202,29.749077917076647,12.547931874985808,1614.544896
liver_cross,scarches,1,0.6613663133097762,0.5622365211393718,0.700530035335689,29.712348875007592,12.8638139590621,1622.523904
liver_cross,scarches,2,0.6575382803297998,0.5471959197249987,0.7040636042402827,33.244446333963424,13.933639415889049,1614.80704
liver_intra,actinn-jax,0,0.8018018018018018,0.7975949786156259,0.8460960960960962,9.681513500050642,0.145465207984671,1521.795072
liver_intra,actinn-jax,1,0.8018018018018018,0.7975949786156259,0.8460960960960962,9.21731908293441,0.1410044160438701,1520.549888
liver_intra,actinn-jax,2,0.8018018018018018,0.7975949786156259,0.8460960960960962,9.344397542066872,0.1395908329868689,1519.157248
liver_intra,svm,0,0.7477477477477478,0.750884129996022,0.8085585585585585,6.290649708011188,0.036561332992278,1056.129024
liver_intra,svm,1,0.7522522522522522,0.7538479338450469,0.8055555555555556,6.420849249931052,0.0398107500514015,1056.980992
liver_intra,svm,2,0.740990990990991,0.742654898871983,0.801051051051051,6.414672916987911,0.0361597921000793,1057.652736
liver_intra,knn,0,0.6584084084084084,0.6509396128955401,0.7342342342342343,1.7135463749291375,0.0721750420052558,1112.784896
liver_intra,knn,1,0.6554054054054054,0.6475253946993271,0.7312312312312312,1.707725040963851,0.0717447079950943,1111.965696
liver_intra,knn,2,0.6591591591591591,0.6517929140580976,0.7357357357357357,1.6726463329978287,0.0702743330039084,1112.4736
liver_intra,celltypist,0,0.7882882882882883,0.7903073389039448,0.8363363363363363,7.280501167057082,0.5634478750871494,1211.039744
liver_intra,celltypist,1,0.7912912912912913,0.7935601121533504,0.8385885885885885,7.916832959046587,0.5346932910615578,1210.662912
liver_intra,celltypist,2,0.7905405405405406,0.7932057324985079,0.8385885885885885,7.534795166924596,0.5435157920001075,1211.809792
liver_intra,actinn-orig,0,0.801051051051051,0.7982543266088522,0.8475975975975976,0.057547083008103,36.63375854201149,5269.0944
liver_intra,actinn-orig,1,0.7897897897897898,0.7845995214427599,0.8385885885885885,0.0527455830015242,36.13387620891445,5269.635072
liver_intra,actinn-orig,2,0.7920420420420421,0.7891477202385206,0.8378378378378378,0.052384249982424,36.58177045895718,5268.504576
liver_intra,singler,0,0.704954954954955,0.7017228446940056,0.7732732732732732,0.1493273330852389,10.768950499943458,2737.618944
liver_intra,singler,1,0.704954954954955,0.7017228446940056,0.7732732732732732,0.1524064580444246,10.423708708025517,2742.76352
liver_intra,singler,2,0.704954954954955,0.7017228446940056,0.7732732732732732,0.1441178329987451,10.53964187495876,2722.52928
liver_intra,scmap-cluster,0,0.5578078078078078,0.5648621131140151,0.7690241718889884,0.1438008330296725,6.155021790997125,6487.310336
liver_intra,scmap-cluster,1,0.5578078078078078,0.564881990810726,0.7681289167412713,0.145681207999587,6.154987707966939,6462.111744
liver_intra,scmap-cluster,2,0.5578078078078078,0.564881990810726,0.7681289167412713,0.1552089999895542,6.153890917077661,6462.554112
liver_intra,scanvi,0,0.8070570570570571,0.8065369670501776,0.8528528528528528,0.0106055000796914,38.88865637499839,1674.264576
liver_intra,scanvi,1,0.8055555555555556,0.8021420674944093,0.8423423423423423,0.0065616249339655,36.0955684579676,1670.856704
liver_intra,scanvi,2,0.7920420420420421,0.7893143936135525,0.831081081081081,0.0065130420261994,35.883137625060044,1673.265152
liver_intra,scarches,0,0.8018018018018018,0.8020694242444399,0.8498498498498499,28.090217959019355,6.273540291003883,1536.933888
liver_intra,scarches,1,0.7920420420420421,0.790287955060055,0.8378378378378378,28.78683854197152,5.647584250080399,1434.99264
liver_intra,scarches,2,0.7777777777777778,0.7781519661258754,0.825075075075075,25.35211445891764,7.544240792049095,1541.226496
blood_gut_intra,actinn-jax,0,0.8603199375731565,0.8603725918833348,,18.61031233391259,0.274787166970782,2311.53664
blood_gut_intra,actinn-jax,1,0.8603199375731565,0.8603725918833348,,18.657762916991487,0.2888164169853553,2477.2608
blood_gut_intra,actinn-jax,2,0.8603199375731565,0.8603725918833348,,19.005665624979883,0.2856460829498246,2477.473792
blood_gut_intra,svm,0,0.8591494342567304,0.8611948620075898,,21.185525791952383,0.0722465409198775,1757.315072
blood_gut_intra,svm,1,0.8618806086617246,0.8644449064678323,,22.786520624998957,0.0717704580165445,1756.823552
blood_gut_intra,svm,2,0.8626609442060086,0.8649198848561873,,22.079298124997877,0.0742770419456064,1905.606656
blood_gut_intra,knn,0,0.777214202106906,0.7748725942172604,,2.1011536669684574,0.1406767499865964,1907.965952
blood_gut_intra,knn,1,0.777214202106906,0.7747338442739296,,1.9851157910889017,0.1384521250147372,1904.377856
blood_gut_intra,knn,2,0.7756535310183379,0.7740035394590985,,1.9791424580616876,0.1344480830011889,1905.95072
blood_gut_intra,celltypist,0,0.8751463129145532,0.8763754672049661,,27.92594437499065,0.637980290921405,1856.192512
blood_gut_intra,celltypist,1,0.8743659773702692,0.8756238688014986,,27.754412916954607,0.5887052080361173,1857.04448
blood_gut_intra,celltypist,2,0.8689036285602809,0.8702461403983038,,26.903393000015058,0.5947251670295373,1855.81568
blood_gut_intra,actinn-orig,0,0.8646117830667187,0.8649807387360355,,0.0778472500387579,64.08991087495815,8857.632768
blood_gut_intra,actinn-orig,1,0.8611002731174405,0.8610998181971957,,0.0851938329869881,62.700901375035755,8858.50112
blood_gut_intra,actinn-orig,2,0.8505657432696059,0.8510196328580016,,0.0821443340973928,63.31734529091045,8856.354816
blood_gut_intra,singler,0,0.8505657432696059,0.8491517963716975,,0.3760291669750586,34.90944550000131,5019.303936
blood_gut_intra,singler,1,0.8505657432696059,0.8491517963716975,,0.3645528329070657,34.82496500003617,5097.0624
blood_gut_intra,singler,2,0.8505657432696059,0.8491517963716975,,0.3628028749953955,34.891348458011635,5019.910144
blood_gut_intra,scmap-cluster,0,0.7229808817791651,0.7255456759091035,,0.3567224170546978,11.129373209085315,11792.400384
blood_gut_intra,scmap-cluster,1,0.7229808817791651,0.7254581411731544,,0.3804297080496326,10.947604874963872,11791.368192
blood_gut_intra,scmap-cluster,2,0.7229808817791651,0.7255456759091035,,0.4058522909181192,10.644364124978893,11788.877824
blood_gut_intra,scanvi,0,0.8821693328131096,0.8824026762661086,,0.0082202909979969,68.71782337501645,2356.887552
blood_gut_intra,scanvi,1,0.8813889972688256,0.8819220881663927,,0.0065318749984726,77.81840045796707,2356.297728
blood_gut_intra,scanvi,2,0.8751463129145532,0.8758361911459265,,0.0080715829972177,74.74712183396332,2351.333376
blood_gut_intra,scarches,0,0.8728053062817012,0.8739500350688187,,55.925133624929,11.672903082915582,1821.868032
blood_gut_intra,scarches,1,0.8755364806866953,0.8765893480272703,,46.704794791992754,10.170849208021536,1820.09856
blood_gut_intra,scarches,2,0.8673429574717129,0.8678657475422614,,43.68045491608791,10.239595792023463,1820.360704
lung_intra,actinn-jax,0,0.8938381588715665,0.9011671173938276,0.9172234595397178,15.307229958940296,0.2030459159286692,1982.611456
lung_intra,actinn-jax,1,0.8938381588715665,0.9011671173938276,0.9172234595397178,14.90639829193242,0.1970901659224182,1995.89888
lung_intra,actinn-jax,2,0.8938381588715665,0.9011671173938276,0.9172234595397178,14.929459957988,0.197350375005044,1992.507392
lung_intra,svm,0,0.8956941351150706,0.9034517456601796,0.925389755011136,12.811159082921222,0.0529858330264687,1554.661376
lung_intra,svm,1,0.8960653303637713,0.9039929002282266,0.925389755011136,12.87097420799546,0.0555582499364391,1554.087936
lung_intra,svm,2,0.894580549368968,0.902592835531972,0.9246473645137342,14.382241624989549,0.0537712080404162,1554.235392
lung_intra,knn,0,0.8949517446176689,0.8927198838402102,0.9313288789903488,1.7885786249535158,0.1328152091009542,1682.784256
lung_intra,knn,1,0.8964365256124721,0.8933523598629532,0.9328136599851522,1.7727780840359628,0.1512289999518543,1682.767872
lung_intra,knn,2,0.8938381588715665,0.8918855469618003,0.9305864884929472,1.7985042079817504,0.1312222919659689,1682.505728
lung_intra,celltypist,0,0.9012620638455828,0.9048568089957436,0.9261321455085376,16.63545758300461,0.4506630420219153,1702.62528
lung_intra,celltypist,1,0.8986636971046771,0.904582600986151,0.9224201930215292,16.223130958969705,0.4682474589208141,1702.346752
lung_intra,celltypist,2,0.8982925018559762,0.9005497996954277,0.9250185597624352,17.246394291054457,0.4452321670250967,1702.985728
lung_intra,actinn-orig,0,0.9042316258351892,0.9063821481052836,0.9242761692650334,0.0693122500088065,47.130834290990606,6790.67648
lung_intra,actinn-orig,1,0.9001484780994803,0.9077044076335204,0.9250185597624352,0.0521907920483499,54.092725833994336,6886.621184
lung_intra,actinn-orig,2,0.90460282108389,0.9063532314435486,0.930957683741648,0.081432707956992,55.06653883296531,6865.87904
lung_intra,singler,0,0.8760207869339273,0.8778758049555005,0.9179658500371196,0.24087633297313,25.24816883308813,3599.106048
lung_intra,singler,1,0.8760207869339273,0.8778758049555005,0.9179658500371196,0.2400099999504164,25.12715225003194,3565.879296
lung_intra,singler,2,0.8760207869339273,0.8778758049555005,0.9179658500371196,0.2313338340027257,24.967929333099164,3726.29504
lung_intra,scmap-cluster,0,0.8433556050482554,0.8323194734252137,0.908816880180859,0.2463429999770596,9.494081291020848,7593.476096
lung_intra,scmap-cluster,1,0.8433556050482554,0.8323194734252137,0.908816880180859,0.2691911249421537,8.963073165970854,8837.398528
lung_intra,scmap-cluster,2,0.8433556050482554,0.8323194734252137,0.908816880180859,0.2511099999537691,8.8432278749533,8778.940416
lung_intra,scanvi,0,0.9116555308092056,0.9188839245928668,0.9294729027468448,0.0088915419764816,90.22525133297312,2120.925184
lung_intra,scanvi,1,0.910913140311804,0.9209270160134848,0.9305864884929472,0.0082238749600946,89.31471137504559,1778.31936
lung_intra,scanvi,2,0.9172234595397178,0.9217189527094958,0.9346696362286564,0.0078947079600766,92.97803958307486,1872.52736
lung_intra,scarches,0,0.9086859688195992,0.9166444407250788,0.9302152932442465,71.93336854199879,18.302696874947287,1915.273216
lung_intra,scarches,1,0.9123979213066072,0.9209986347889288,0.9365256124721604,75.78051370801404,17.58813112496864,1628.700672
lung_intra,scarches,2,0.9101707498144024,0.9167387023968558,0.9342984409799554,70.29804108396638,16.909092582995072,1757.364224
lung_cross,actinn-jax,0,0.3580811808118081,0.1757045235677418,0.7486346863468635,35.382536333054304,1.1095891249133274,3634.806784
lung_cross,actinn-jax,1,0.3580811808118081,0.1757045235677418,0.7486346863468635,33.6473518749699,1.0252052081050351,3993.76384
lung_cross,actinn-jax,2,0.3580811808118081,0.1757045235677418,0.7486346863468635,37.37560837494675,1.811597708030604,4200.0384
lung_cross,svm,0,0.3521033210332103,0.175344580138557,0.7473062730627307,46.92255200003274,0.292860583984293,2636.644352
lung_cross,svm,1,0.3521033210332103,0.1759801519245387,0.7480442804428045,174.531353832921,0.4183536249911412,2626.420736
lung_cross,svm,2,0.3513653136531365,0.176081465480065,0.7461254612546125,66.22080233402085,0.3552217920077964,2627.059712
lung_cross,knn,0,0.3487822878228782,0.1716223851145098,0.7450922509225092,4.77620358299464,1.1049950839951634,2660.089856
lung_cross,knn,1,0.3490774907749077,0.1724380844661769,0.7451660516605166,4.798381959088147,0.8709855830529705,2644.230144
lung_cross,knn,2,0.3495940959409594,0.1723454916027458,0.747380073800738,4.619184541981667,0.8365575829520822,2653.454336
lung_cross,celltypist,0,0.3558671586715867,0.1763903004019449,0.7501107011070111,96.04633066698445,1.2020809170790017,3166.273536
lung_cross,celltypist,1,0.3560147601476015,0.1763975768747683,0.750479704797048,95.97865512489808,1.110705958912149,3164.209152
lung_cross,celltypist,2,0.3555719557195572,0.1765514585438621,0.7490036900369004,100.38746187509967,1.0011972079519182,2903.506944
lung_cross,actinn-orig,0,0.3557195571955719,0.1782070105728095,0.7560885608856088,0.174772624974139,123.97217166610062,13522.04288
lung_cross,actinn-orig,1,0.3597047970479705,0.1788470602634752,0.7588191881918819,0.0937759999651461,108.76976616692264,16289.87392
lung_cross,actinn-orig,2,0.3538745387453874,0.1784738938759517,0.746789667896679,0.1495566670782864,114.83553537493572,16290.742272
lung_cross,singler,0,0.3571217712177121,0.1786584730598036,0.765239852398524,0.3892472910229116,154.58450137497857,5740.70784
lung_cross,singler,1,0.3571217712177121,0.1786584730598036,0.765239852398524,0.3924593339907005,156.99078479094896,5754.372096
lung_cross,singler,2,0.3571217712177121,0.1786584730598036,0.765239852398524,0.4084847089834511,157.92392083304003,5754.22464
lung_cross,scmap-cluster,0,0.3400738007380073,0.1688770284900542,0.7507505253677574,0.3950778750004247,17.888016208074987,13483.491328
lung_cross,scmap-cluster,1,0.3400738007380073,0.1688770284900542,0.7508255779045332,0.4025980409933254,17.106866333051585,13531.398144
lung_cross,scmap-cluster,2,0.3400738007380073,0.1688770284900542,0.7508255779045332,0.4188158330507576,16.675834833062254,13530.923008
lung_cross,scanvi,0,0.3607380073800738,0.1766286746126627,0.7700369003690037,0.0118740419857203,166.39040045894217,3779.690496
lung_cross,scanvi,1,0.360590405904059,0.1778627652564808,0.7690036900369004,0.0103625000920146,168.43054274993483,3775.889408
lung_cross,scanvi,2,0.3585977859778598,0.1763590292778054,0.7627306273062731,0.0106225000927224,174.76026400004048,3771.613184
lung_cross,scarches,0,0.3560885608856088,0.1783558549091511,0.7634686346863468,94.99962845805568,60.75666674994864,2930.19648
lung_cross,scarches,1,0.35690036900369,0.1808244629097835,0.7566051660516605,92.34468712494709,61.223260124912485,2937.700352
lung_cross,scarches,2,0.3563837638376383,0.1773029870803036,0.7693726937269373,92.27662975003476,62.295304834027775,2932.948992
